"models_compare_summ.models","ROC.Min.","ROC.1st.Qu.","ROC.Median","ROC.Mean","ROC.3rd.Qu.","ROC.Max.","ROC.NA.s","Sens.Min.","Sens.1st.Qu.","Sens.Median","Sens.Mean","Sens.3rd.Qu.","Sens.Max.","Sens.NA.s","Spec.Min.","Spec.1st.Qu.","Spec.Median","Spec.Mean","Spec.3rd.Qu.","Spec.Max.","Spec.NA.s"
"M1.2.CART",0.749384236453202,0.823220883180859,0.850831280788177,0.844489576002815,0.871382389162562,0.936862244897959,0,0.696428571428571,0.839285714285714,0.875,0.863928571428571,0.888392857142857,0.982142857142857,0,0.464285714285714,0.586206896551724,0.689655172413793,0.676600985221675,0.75,0.862068965517241,0
"M1.3.C5.0",0.743226600985222,0.833820812807882,0.865131289584799,0.862467452498241,0.889316502463054,0.95280612244898,0,0.767857142857143,0.857142857142857,0.875,0.881785714285714,0.910714285714286,1,0,0.535714285714286,0.68134236453202,0.724137931034483,0.727044334975369,0.785714285714286,0.857142857142857,0
