"models_compare_summ.models","ROC.Min.","ROC.1st.Qu.","ROC.Median","ROC.Mean","ROC.3rd.Qu.","ROC.Max.","ROC.NA.s","Sens.Min.","Sens.1st.Qu.","Sens.Median","Sens.Mean","Sens.3rd.Qu.","Sens.Max.","Sens.NA.s","Spec.Min.","Spec.1st.Qu.","Spec.Median","Spec.Mean","Spec.3rd.Qu.","Spec.Max.","Spec.NA.s"
"M1.1.CART",0.759247448979592,0.820120073891625,0.854498372624912,0.84884913393257,0.878985969387755,0.922831632653061,0,0.781818181818182,0.825892857142857,0.857142857142857,0.860454545454545,0.89237012987013,0.946428571428571,0,0.5,0.626231527093596,0.714285714285714,0.694458128078818,0.758620689655172,0.862068965517241,0
"M1.2.C5.0",0.723214285714286,0.826371173469388,0.856186224489796,0.856203221962766,0.891086822660099,0.954400510204082,0,0.785714285714286,0.857142857142857,0.873863636363636,0.878714285714286,0.923133116883117,0.964285714285714,0,0.535714285714286,0.678571428571429,0.714285714285714,0.722093596059113,0.758620689655172,0.896551724137931,0
