"models_compare_summ.models","ROC.Min.","ROC.1st.Qu.","ROC.Median","ROC.Mean","ROC.3rd.Qu.","ROC.Max.","ROC.NA.s","Sens.Min.","Sens.1st.Qu.","Sens.Median","Sens.Mean","Sens.3rd.Qu.","Sens.Max.","Sens.NA.s","Spec.Min.","Spec.1st.Qu.","Spec.Median","Spec.Mean","Spec.3rd.Qu.","Spec.Max.","Spec.NA.s"
"M1.2.CART",0.733374384236453,0.824543125439831,0.847906403940887,0.852212350457424,0.88687818877551,0.939655172413793,0,0.767857142857143,0.839285714285714,0.875,0.872142857142857,0.892857142857143,0.946428571428571,0,0.517241379310345,0.678571428571429,0.714285714285714,0.712487684729064,0.758620689655172,0.857142857142857,0
"M1.3.C5.0",0.753826530612245,0.829403259148487,0.865147783251232,0.860796314215341,0.897321428571429,0.944196428571428,0,0.767857142857143,0.861607142857143,0.892857142857143,0.889285714285714,0.924107142857143,0.982142857142857,0,0.551724137931034,0.678571428571429,0.724137931034483,0.730591133004926,0.785714285714286,0.896551724137931,0
