"models_compare_summ.models","ROC.Min.","ROC.1st.Qu.","ROC.Median","ROC.Mean","ROC.3rd.Qu.","ROC.Max.","ROC.NA.s","Sens.Min.","Sens.1st.Qu.","Sens.Median","Sens.Mean","Sens.3rd.Qu.","Sens.Max.","Sens.NA.s","Spec.Min.","Spec.1st.Qu.","Spec.Median","Spec.Mean","Spec.3rd.Qu.","Spec.Max.","Spec.NA.s"
"M5.1.GLR",0.844387755102041,0.894720927163969,0.913837086558761,0.908265729959695,0.922358814215341,0.963647959183673,0,0.803571428571429,0.857142857142857,0.883928571428571,0.887675324675325,0.910714285714286,0.964285714285714,0,0.642857142857143,0.714285714285714,0.758620689655172,0.758374384236453,0.793103448275862,0.896551724137931,0
"M5.2.GLR_PCA",0.838010204081633,0.88889316502463,0.908482142857143,0.905337446420574,0.920830401125968,0.963009404388715,0,0.785714285714286,0.857142857142857,0.875,0.879792207792208,0.910714285714286,0.963636363636364,0,0.607142857142857,0.714285714285714,0.75,0.749137931034483,0.793103448275862,0.931034482758621,0
"M6.1.PLR",0.848214285714286,0.896205357142857,0.91635511963406,0.912885108118482,0.927785230471499,0.96109693877551,0,0.767857142857143,0.875,0.892857142857143,0.89375974025974,0.927272727272727,0.964285714285714,0,0.607142857142857,0.714285714285714,0.737068965517241,0.744384236453202,0.793103448275862,0.862068965517241,0
