"models_compare_summ.models","ROC.Min.","ROC.1st.Qu.","ROC.Median","ROC.Mean","ROC.3rd.Qu.","ROC.Max.","ROC.NA.s","Sens.Min.","Sens.1st.Qu.","Sens.Median","Sens.Mean","Sens.3rd.Qu.","Sens.Max.","Sens.NA.s","Spec.Min.","Spec.1st.Qu.","Spec.Median","Spec.Mean","Spec.3rd.Qu.","Spec.Max.","Spec.NA.s"
"M5.1.GLR",0.792487684729064,0.891900510204082,0.913177339901478,0.908772431386348,0.930484693877551,0.964923469387755,0,0.785714285714286,0.857142857142857,0.883928571428571,0.888214285714286,0.928571428571429,0.946428571428571,0,0.607142857142857,0.714285714285714,0.724137931034483,0.745443349753695,0.791256157635468,0.928571428571429,0
"M5.2.GLR_PCA",0.812192118226601,0.887755102040816,0.914155964109782,0.909259764250528,0.933514030612245,0.963647959183674,0,0.803571428571429,0.857142857142857,0.875,0.882142857142857,0.928571428571429,0.982142857142857,0,0.620689655172414,0.689655172413793,0.758620689655172,0.759458128078818,0.793103448275862,0.892857142857143,0
"M6.1.PLR",0.795566502463054,0.897843728008445,0.916366115411682,0.912774894440535,0.934586118930331,0.971301020408163,0,0.803571428571429,0.857142857142857,0.892857142857143,0.891428571428571,0.910714285714286,0.964285714285714,0,0.517241379310345,0.695812807881773,0.724137931034483,0.741330049261084,0.785714285714286,0.862068965517241,0
