"models_compare_summ.models","ROC.Min.","ROC.1st.Qu.","ROC.Median","ROC.Mean","ROC.3rd.Qu.","ROC.Max.","ROC.NA.s","Sens.Min.","Sens.1st.Qu.","Sens.Median","Sens.Mean","Sens.3rd.Qu.","Sens.Max.","Sens.NA.s","Spec.Min.","Spec.1st.Qu.","Spec.Median","Spec.Mean","Spec.3rd.Qu.","Spec.Max.","Spec.NA.s"
"M5.1.GLR",0.821428571428571,0.886534570724842,0.915332512315271,0.908121921182266,0.926658163265306,0.98405612244898,0,0.785714285714286,0.875,0.892857142857143,0.888928571428571,0.910714285714286,0.982142857142857,0,0.517241379310345,0.724137931034483,0.758620689655172,0.757290640394089,0.793103448275862,0.862068965517241,0
"M5.2.GLR_PCA",0.817118226600985,0.891779556650246,0.911945812807882,0.907501319493315,0.927295918367347,0.975127551020408,0,0.767857142857143,0.857142857142857,0.892857142857143,0.883214285714286,0.910714285714286,0.964285714285714,0,0.551724137931034,0.724137931034483,0.758620689655172,0.760073891625616,0.791256157635468,0.896551724137931,0
"M6.1.PLR",0.822066326530612,0.894132653061225,0.91792751583392,0.913747800844476,0.932727832512315,0.987244897959184,0,0.803571428571429,0.875,0.892857142857143,0.894285714285714,0.928571428571429,1,0,0.5,0.689655172413793,0.737068965517241,0.73564039408867,0.785714285714286,0.896551724137931,0
