"models_compare_summ.models","ROC.Min.","ROC.1st.Qu.","ROC.Median","ROC.Mean","ROC.3rd.Qu.","ROC.Max.","ROC.NA.s","Sens.Min.","Sens.1st.Qu.","Sens.Median","Sens.Mean","Sens.3rd.Qu.","Sens.Max.","Sens.NA.s","Spec.Min.","Spec.1st.Qu.","Spec.Median","Spec.Mean","Spec.3rd.Qu.","Spec.Max.","Spec.NA.s"
"M5.1.GLR",0.853448275862069,0.901939655172414,0.915453465869106,0.908658075299085,0.928043631245602,0.930484693877551,0,0.839285714285714,0.857142857142857,0.875,0.885714285714286,0.919642857142857,0.946428571428571,0,0.678571428571429,0.716748768472906,0.724137931034483,0.747536945812808,0.758620689655172,0.857142857142857,0
"M5.2.GLR_PCA",0.862684729064039,0.891169290992259,0.910483374384236,0.9071648486981,0.92676812104152,0.943239795918367,0,0.803571428571429,0.839285714285714,0.883928571428571,0.880357142857143,0.924107142857143,0.946428571428571,0,0.620689655172414,0.730603448275862,0.775862068965517,0.761822660098522,0.814347290640394,0.857142857142857,0
"M6.1.PLR",0.865147783251232,0.903325123152709,0.913606175228712,0.913084975369458,0.929429099225897,0.938137755102041,0,0.857142857142857,0.875,0.892857142857143,0.896428571428571,0.924107142857143,0.946428571428571,0,0.655172413793103,0.695812807881773,0.714285714285714,0.73743842364532,0.75,0.857142857142857,0
